创建时间,领域,更新时间
2023-01-04 16:54:18,科普,2023-01-04 14:15:25
2023-01-04 16:54:18,科普,2023-01-04 14:15:25
2023-01-04 16:54:18,科普,2023-01-04 14:15:25
2022-01-04 12:26:42,生物医药,2022-01-04 14:39:12
2022-01-04 12:26:42,生物医药,2022-01-04 14:39:12
2022-01-04 12:26:42,生物医药,2022-01-04 14:39:12
2022-01-04 12:26:42,光机电,2022-01-04 14:39:12
2022-01-04 12:26:42,材料科学技术,2022-01-04 14:39:12
2022-01-04 12:26:42,电子信息,2022-01-04 14:39:12
2022-01-04 12:26:42,生物医药,2022-01-04 14:39:12
2022-01-04 12:26:42,生物医药,2022-01-04 14:39:12
2022-01-04 12:26:42,生物医药,2022-01-04 14:39:12
2019-09-17 11:45:58,影像学,2020-09-23 16:04:58
2019-09-17 11:45:58,分子生物学,2020-09-23 16:04:58
2019-09-17 11:45:58,神经病学,2020-09-23 16:04:58
2019-09-17 11:45:58,电子信息、计算机,2020-09-23 16:04:58
2019-09-17 11:45:58,高分子材料,2020-09-23 16:04:58
2019-09-17 11:45:58,自动控制,2020-09-23 16:04:58
2019-09-17 11:45:58,园艺,2020-09-23 16:04:58
